,teamID,yearID,G,W,L,H,AB,SB,HR,2B,3B,R,ERA,RA,IPouts,HA,BBA,BAVG,SLG,H/BBA,IP,WHIP,Run_Buckets
0,ARI,2015,162,79,83,1494,5649,132,154,289,48,720,4.04,713,4400,1450,500,0.264471588,0.41440963,1950,1466.666667,1.329545455,MID
1,ARI,2016,162,69,93,1479,5665,137,190,285,56,752,5.09,890,4354,1563,603,0.261076787,0.431774051,2166,1451.333333,1.492420763,MID-HIGH
2,ARI,2017,162,93,69,1405,5525,103,220,314,39,812,3.66,659,4323,1309,516,0.254298643,0.444705882,1825,1441,1.26648161,HIGH
3,ARI,2018,162,82,80,1283,5460,79,176,259,50,693,3.72,644,4389,1313,522,0.234981685,0.397435897,1835,1463,1.254272044,LOW-MID
4,ARI,2019,162,85,77,1419,5633,88,220,288,40,813,4.25,743,4395,1400,516,0.251908397,0.434404403,1916,1465,1.307849829,HIGH
5,ARI,2021,162,52,110,1297,5489,43,144,308,31,679,5.11,893,4252,1480,555,0.236290763,0.382401166,2035,1417.333333,1.43579492,LOW-MID
6,ARI,2022,162,74,88,1232,5351,104,173,262,24,702,4.25,740,4290,1345,504,0.230237339,0.385161652,1849,1430,1.293006993,LOW-MID
7,ATL,2015,162,67,95,1361,5420,69,100,251,18,573,4.41,760,4276,1462,550,0.251107011,0.359409594,2012,1425.333333,1.411599626,LOW
8,ATL,2016,161,68,93,1404,5514,75,122,295,27,649,4.51,779,4343,1414,547,0.254624592,0.384294523,1961,1447.666667,1.354593599,LOW
9,ATL,2017,162,72,90,1467,5584,77,165,289,26,732,4.72,821,4324,1463,584,0.2627149,0.412428367,2047,1441.333333,1.420212766,MID
10,ATL,2018,162,90,72,1433,5582,90,175,314,29,759,3.75,657,4370,1236,635,0.256718022,0.417413114,1871,1456.666667,1.284439359,MID-HIGH
11,ATL,2019,162,97,65,1432,5560,89,249,277,29,855,4.19,743,4352,1421,548,0.257553957,0.452158273,1969,1450.666667,1.357306985,HIGH
12,ATL,2021,161,88,73,1307,5363,59,239,269,20,790,3.88,656,4232,1237,516,0.24370688,0.435017714,1753,1410.666667,1.242674858,MID-HIGH
13,ATL,2022,162,101,61,1394,5509,87,243,298,11,789,3.46,609,4344,1224,500,0.253040479,0.443456163,1724,1448,1.190607735,MID-HIGH
14,BAL,2015,162,81,81,1370,5485,44,217,246,20,713,4.05,693,4304,1406,483,0.249772106,0.420601641,1889,1434.666667,1.316682156,MID
15,BAL,2016,162,89,73,1413,5524,19,253,265,6,744,4.22,715,4296,1408,545,0.255792904,0.443338161,1953,1432,1.363826816,MID-HIGH
16,BAL,2017,162,75,87,1469,5650,32,232,269,12,743,4.97,841,4323,1505,579,0.26,0.435044248,2084,1441,1.446217904,MID-HIGH
17,BAL,2018,162,47,115,1317,5507,81,188,242,15,622,5.18,892,4293,1552,589,0.239150173,0.390956964,2141,1431,1.496156534,LOW
18,BAL,2019,162,54,108,1379,5596,84,213,252,25,729,5.59,981,4329,1544,561,0.246426019,0.414581844,2105,1443,1.458766459,MID
19,BAL,2021,162,52,110,1296,5420,54,195,266,15,659,5.84,956,4206,1518,563,0.239114391,0.401660517,2081,1402,1.484308131,LOW
20,BAL,2022,162,83,79,1281,5429,95,171,275,25,674,3.97,688,4300,1406,443,0.235955056,0.390311291,1849,1433.333333,1.29,LOW-MID
21,BOS,2015,162,78,84,1495,5640,71,161,294,33,748,4.31,753,4345,1486,478,0.265070922,0.414539007,1964,1448.333333,1.356041427,MID-HIGH
22,BOS,2016,162,93,69,1598,5670,83,208,343,25,878,4,694,4319,1342,490,0.281834215,0.461199295,1832,1439.666667,1.272516786,HIGH
23,BOS,2017,162,93,69,1461,5669,106,168,302,19,785,3.7,668,4447,1384,465,0.25771741,0.406597283,1849,1482.333333,1.247357769,MID-HIGH
24,BOS,2018,162,108,54,1509,5623,125,208,355,31,876,3.75,647,4376,1305,512,0.268362084,0.453494576,1817,1458.666667,1.245658135,HIGH
25,BOS,2019,162,84,78,1554,5770,68,245,345,27,901,4.7,828,4413,1423,605,0.26932409,0.465857886,2028,1471,1.378653977,HIGH
26,BOS,2021,162,92,70,1434,5495,40,219,330,23,829,4.26,749,4257,1409,546,0.260964513,0.448953594,1955,1419,1.377730796,HIGH
27,BOS,2022,162,78,84,1427,5539,52,155,352,12,735,4.53,787,4293,1411,526,0.257627731,0.409460191,1937,1431,1.353598882,MID
28,CHA,2015,162,76,86,1381,5533,68,136,260,27,622,3.98,701,4358,1443,474,0.249593349,0.380083138,1917,1452.666667,1.319642038,LOW
29,CHA,2016,162,78,84,1428,5550,77,168,277,33,686,4.1,715,4340,1422,521,0.257297297,0.40990991,1943,1446.666667,1.343087558,LOW-MID
30,CHA,2017,162,67,95,1412,5513,71,186,256,37,706,4.78,820,4265,1384,632,0.256121894,0.417195719,2016,1421.666667,1.418053927,MID
31,CHA,2018,162,62,100,1332,5523,98,182,259,40,656,4.83,848,4311,1404,653,0.241173275,0.401412276,2057,1437,1.431454419,LOW
32,CHA,2019,161,72,89,1443,5529,63,182,260,20,708,4.9,832,4238,1438,582,0.26098752,0.413998915,2020,1412.666667,1.429919773,MID
33,CHA,2021,162,93,69,1373,5357,57,190,275,22,796,3.73,636,4210,1205,485,0.256300168,0.42225126,1690,1403.333333,1.204275534,HIGH
34,CHA,2022,162,81,81,1435,5611,58,149,272,9,686,3.92,717,4343,1330,533,0.255747639,0.387096774,1863,1447.666667,1.286898457,LOW-MID
35,CHN,2015,162,97,65,1341,5491,95,171,272,30,689,3.36,608,4384,1276,407,0.244217811,0.398105992,1683,1461.333333,1.151687956,LOW-MID
36,CHN,2016,162,103,58,1409,5503,66,199,293,30,808,3.15,556,4379,1125,495,0.256042159,0.428675268,1620,1459.666667,1.10984243,HIGH
37,CHN,2017,162,92,70,1402,5496,62,223,274,29,822,3.95,695,4342,1294,554,0.255094614,0.437227074,1848,1447.333333,1.276830953,HIGH
38,CHN,2018,163,95,68,1453,5624,66,167,286,34,761,3.65,645,4429,1319,622,0.258357041,0.410384068,1941,1476.333333,1.314743734,MID-HIGH
39,CHN,2019,162,84,78,1378,5461,45,256,270,26,814,4.1,717,4326,1376,534,0.252334737,0.451931881,1910,1442,1.324549237,HIGH
40,CHN,2021,162,71,91,1255,5306,86,210,225,26,705,4.87,839,4238,1386,596,0.236524689,0.407463249,1982,1412.666667,1.403020293,LOW-MID
41,CHN,2022,162,74,88,1293,5425,111,159,265,31,657,4,731,4331,1342,540,0.238341014,0.386543779,1882,1443.666667,1.303625029,LOW
42,CIN,2015,162,64,98,1382,5571,134,167,257,27,640,4.33,754,4360,1436,544,0.248070364,0.393825166,1980,1453.333333,1.362385321,LOW
43,CIN,2016,162,68,94,1403,5487,139,164,277,33,716,4.91,854,4326,1457,636,0.25569528,0.407873155,2093,1442,1.451456311,MID
44,CIN,2017,162,68,94,1390,5484,120,219,249,38,753,5.17,869,4290,1442,631,0.253464624,0.432530999,2073,1430,1.44965035,MID-HIGH
45,CIN,2018,162,67,95,1404,5532,77,172,251,25,696,4.63,819,4323,1491,532,0.253796095,0.401482285,2023,1441,1.40388619,LOW-MID
46,CIN,2019,162,75,87,1328,5450,80,227,235,27,701,4.18,711,4314,1270,536,0.243669725,0.421651376,1806,1438,1.255910987,LOW-MID
47,CIN,2021,162,83,79,1352,5423,36,222,295,13,786,4.4,760,4303,1330,617,0.249308501,0.431311082,1947,1434.333333,1.357425052,MID-HIGH
48,CIN,2022,162,62,100,1264,5380,58,156,235,18,648,4.86,815,4270,1366,612,0.234944238,0.372304833,1978,1423.333333,1.38969555,LOW
49,CLE,2015,161,81,80,1395,5439,86,141,303,29,669,3.67,640,4298,1274,425,0.256480971,0.400625115,1699,1432.666667,1.185900419,LOW-MID
50,CLE,2016,161,94,67,1435,5484,134,185,308,29,777,3.84,676,4335,1330,461,0.261670314,0.429613421,1791,1445,1.239446367,MID-HIGH
51,CLE,2017,162,102,60,1449,5511,88,212,333,29,818,3.3,564,4322,1267,406,0.262928688,0.449283252,1673,1440.666667,1.161267932,HIGH
52,CLE,2018,162,91,71,1447,5595,135,216,297,19,818,3.77,648,4372,1349,407,0.258623771,0.434316354,1756,1457.333333,1.204940531,HIGH
53,CLE,2019,162,93,69,1354,5425,103,223,286,18,769,3.76,657,4313,1308,450,0.249585253,0.432258065,1758,1437.666667,1.222814746,MID-HIGH
54,CLE,2021,162,80,82,1269,5332,109,203,248,22,717,4.34,727,4224,1281,522,0.237996999,0.406976744,1803,1408,1.280539773,MID
55,CLE,2022,162,92,70,1410,5558,119,127,273,31,698,3.46,634,4368,1252,435,0.253688377,0.382511695,1687,1456,1.158653846,LOW-MID
56,COL,2015,162,68,94,1479,5572,97,186,274,49,737,5.04,844,4279,1579,579,0.265434314,0.432340273,2158,1426.333333,1.51297032,MID
57,COL,2016,162,75,87,1544,5614,66,204,318,47,845,4.91,860,4288,1532,547,0.275026719,0.457427859,2079,1429.333333,1.454524254,HIGH
58,COL,2017,162,87,75,1510,5534,59,192,293,38,824,4.51,757,4313,1453,532,0.272858692,0.44362125,1985,1437.666667,1.380709483,HIGH
59,COL,2018,163,91,72,1418,5541,95,210,280,42,780,4.33,745,4357,1378,525,0.255910485,0.435300487,1903,1452.333333,1.310305256,MID-HIGH
60,COL,2019,162,71,91,1502,5660,71,224,323,41,835,5.56,958,4346,1576,589,0.265371025,0.45565371,2165,1448.666667,1.494477681,HIGH
61,COL,2021,161,74,87,1338,5374,76,182,275,34,739,4.82,796,4191,1397,539,0.248976554,0.41440268,1936,1397,1.385826772,MID
62,COL,2022,162,68,94,1408,5540,45,149,280,34,698,5.06,873,4276,1516,539,0.254151625,0.39765343,2055,1425.333333,1.441768007,LOW-MID
63,DET,2015,161,74,87,1515,5605,83,151,289,49,689,4.64,803,4341,1491,489,0.27029438,0.420160571,1980,1447,1.368348307,LOW-MID
64,DET,2016,161,86,75,1476,5526,58,211,252,30,750,4.24,721,4284,1417,462,0.267100977,0.438110749,1879,1428,1.315826331,MID-HIGH
65,DET,2017,162,64,98,1435,5556,65,187,289,35,735,5.36,894,4261,1587,538,0.258279338,0.423866091,2125,1420.333333,1.49612767,MID
66,DET,2018,162,64,98,1326,5494,70,135,284,35,630,4.58,796,4276,1423,491,0.241354205,0.379504914,1914,1425.333333,1.342843779,LOW
67,DET,2019,161,47,114,1333,5549,57,149,292,41,582,5.24,915,4299,1555,536,0.240223464,0.38817805,2091,1433,1.459176553,LOW
68,DET,2021,162,77,85,1299,5376,88,179,236,37,697,4.32,756,4259,1370,571,0.241629464,0.399181548,1941,1419.666667,1.367222353,LOW-MID
69,DET,2022,162,66,96,1240,5378,47,110,235,27,557,4.04,713,4259,1336,511,0.230568985,0.345667534,1847,1419.666667,1.301009627,LOW
70,HOU,2015,162,86,76,1363,5459,121,230,278,26,729,3.57,618,4323,1308,423,0.249679428,0.436526836,1731,1441,1.201249133,MID
71,HOU,2016,162,84,78,1367,5545,102,198,291,29,724,4.06,701,4404,1441,453,0.246528404,0.416591524,1894,1468,1.290190736,MID
72,HOU,2017,162,101,61,1581,5611,98,238,346,20,896,4.12,700,4338,1314,522,0.281767956,0.477811442,1836,1446,1.269709544,HIGH
73,HOU,2018,162,103,59,1390,5453,71,205,278,18,797,3.11,534,4365,1164,435,0.254905557,0.425270493,1599,1455,1.098969072,HIGH
74,HOU,2019,162,107,55,1538,5613,67,288,323,28,920,3.66,640,4387,1205,448,0.27400677,0.495456975,1653,1462.333333,1.130385229,HIGH
75,HOU,2021,162,95,67,1496,5593,53,221,299,14,863,3.78,658,4335,1231,549,0.267477204,0.444484177,1780,1445,1.23183391,HIGH
76,HOU,2022,162,106,56,1341,5409,83,214,284,13,737,2.9,518,4336,1121,458,0.247920133,0.423923091,1579,1445.333333,1.09248155,MID
77,KCA,2015,162,95,67,1497,5575,104,139,300,42,724,3.73,641,4356,1372,489,0.268520179,0.412197309,1861,1452,1.281680441,MID
78,KCA,2016,162,81,81,1450,5552,121,147,264,33,675,4.21,712,4320,1433,517,0.261167147,0.400036023,1950,1440,1.354166667,LOW-MID
79,KCA,2017,162,80,82,1436,5536,91,193,260,24,702,4.61,791,4313,1480,519,0.259393064,0.419617052,1999,1437.666667,1.390447484,LOW-MID
80,KCA,2018,162,58,104,1350,5505,117,155,283,29,638,4.94,833,4296,1542,549,0.245231608,0.39164396,2091,1432,1.460195531,LOW
81,KCA,2019,162,59,103,1356,5496,117,162,281,40,691,5.2,869,4275,1525,582,0.246724891,0.400836972,2107,1425,1.478596491,LOW-MID
82,KCA,2021,162,74,88,1349,5427,124,163,251,29,686,4.64,788,4252,1375,591,0.248571955,0.39561452,1966,1417.333333,1.387111947,LOW-MID
83,KCA,2022,162,65,97,1327,5437,104,138,247,38,640,4.7,810,4248,1493,589,0.24406842,0.379621115,2082,1416,1.470338983,LOW
84,LAA,2015,162,85,77,1331,5417,52,176,243,21,661,3.94,675,4322,1355,466,0.245707956,0.395791028,1821,1440.666667,1.263998149,LOW
85,LAA,2016,162,74,88,1410,5431,73,156,279,20,717,4.28,727,4264,1480,498,0.259620696,0.404529553,1978,1421.333333,1.391651032,MID
86,LAA,2017,162,80,82,1314,5415,136,186,251,14,710,4.2,709,4322,1373,470,0.24265928,0.397229917,1843,1440.666667,1.279268857,MID
87,LAA,2018,162,80,82,1323,5472,89,214,249,23,721,4.15,722,4312,1353,546,0.241776316,0.413011696,1899,1437.333333,1.32119666,MID
88,LAA,2019,162,72,90,1368,5542,65,220,268,21,769,5.12,868,4328,1417,576,0.246842295,0.421869361,1993,1442.666667,1.381469501,MID-HIGH
89,LAA,2021,162,77,85,1331,5437,79,190,265,23,723,4.69,804,4265,1373,592,0.24480412,0.406842008,1965,1421.666667,1.382180539,MID
90,LAA,2022,162,73,89,1265,5423,77,190,219,31,623,3.77,668,4307,1241,540,0.23326572,0.390189932,1781,1435.666667,1.240538658,LOW
91,LAN,2015,162,92,70,1346,5385,59,187,263,26,667,3.44,595,4337,1317,395,0.249953575,0.412627669,1712,1445.666667,1.18422873,LOW
92,LAN,2016,162,91,71,1376,5518,45,189,272,21,725,3.7,638,4359,1266,464,0.249365712,0.409025009,1730,1453,1.190640055,MID
93,LAN,2017,162,104,58,1347,5408,77,221,312,20,770,3.38,580,4334,1226,442,0.249075444,0.436760355,1668,1444.666667,1.154591601,MID-HIGH
94,LAN,2018,163,92,71,1394,5572,75,235,296,33,804,3.38,610,4428,1279,422,0.250179469,0.441672649,1701,1476,1.152439024,HIGH
95,LAN,2019,162,106,56,1414,5493,57,279,302,20,886,3.37,613,4337,1201,392,0.257418533,0.472055343,1593,1445.666667,1.101913765,HIGH
96,LAN,2021,162,106,56,1330,5445,65,237,247,24,830,3.01,561,4356,1107,486,0.24426079,0.429017447,1593,1452,1.097107438,HIGH
97,LAN,2022,162,111,51,1418,5526,98,212,325,31,847,2.8,513,4354,1114,407,0.256605139,0.441730004,1521,1451.333333,1.048001837,HIGH
98,MIA,2015,162,71,91,1420,5463,112,120,236,40,613,4.02,678,4281,1374,508,0.259930441,0.383671975,1882,1427,1.318850736,LOW
99,MIA,2016,161,79,82,1460,5547,71,128,259,42,655,4.05,682,4305,1358,595,0.263205336,0.394267171,1953,1435,1.36097561,LOW
100,MIA,2017,162,77,85,1497,5602,91,194,271,31,778,4.82,822,4328,1450,627,0.267225991,0.430560514,2077,1442.666667,1.439695009,MID-HIGH
101,MIA,2018,161,63,98,1303,5488,45,128,222,24,589,4.76,809,4326,1388,605,0.237427114,0.35659621,1993,1442,1.382108183,LOW
102,MIA,2019,162,57,105,1326,5512,55,146,265,18,615,4.74,808,4333,1340,615,0.240566038,0.374637155,1955,1444.333333,1.353565659,LOW
103,MIA,2021,162,67,95,1244,5348,106,158,226,23,623,3.96,701,4245,1282,529,0.232610322,0.37210172,1811,1415,1.279858657,LOW
104,MIA,2022,162,69,93,1241,5395,122,144,248,20,586,3.86,676,4312,1311,511,0.230027804,0.363484708,1822,1437.333333,1.267625232,LOW
105,MIL,2015,162,68,94,1378,5480,84,145,274,34,655,4.28,737,4305,1432,517,0.251459854,0.393248175,1949,1435,1.358188153,LOW
106,MIL,2016,162,73,89,1299,5330,181,194,249,19,671,4.08,733,4303,1450,532,0.243714822,0.406754221,1982,1434.333333,1.381826633,LOW-MID
107,MIL,2017,162,86,76,1363,5467,128,224,267,22,732,4,697,4337,1381,553,0.249314066,0.429120176,1934,1445.666667,1.3377911,MID
108,MIL,2018,163,96,67,1398,5542,124,218,252,24,754,3.73,659,4383,1259,553,0.252255503,0.424395525,1812,1461,1.240246407,MID-HIGH
109,MIL,2019,162,89,73,1366,5542,101,250,279,17,769,4.4,766,4378,1364,570,0.246481415,0.438289426,1934,1459.333333,1.325262677,MID-HIGH
110,MIL,2021,162,95,67,1251,5362,82,194,255,18,738,3.5,623,4308,1156,537,0.233308467,0.39612085,1693,1436,1.178969359,MID
111,MIL,2022,162,86,76,1271,5417,96,219,251,17,725,3.83,688,4338,1238,521,0.234631715,0.408528706,1759,1446,1.216459198,MID
112,MIN,2015,162,83,79,1349,5467,70,156,277,44,696,4.07,700,4329,1506,413,0.246753247,0.399122005,1919,1443,1.32986833,LOW-MID
113,MIN,2016,162,59,103,1409,5618,91,200,288,35,722,5.08,889,4329,1617,479,0.250800997,0.421324315,2096,1443,1.452529453,MID
114,MIN,2017,162,85,77,1444,5557,95,206,286,31,815,4.59,788,4308,1487,483,0.259852438,0.433687241,1970,1436,1.371866295,HIGH
115,MIN,2018,162,78,84,1379,5526,47,166,317,22,738,4.5,775,4330,1425,573,0.249547593,0.404994571,1998,1443.333333,1.384295612,MID
116,MIN,2019,162,101,61,1547,5732,28,307,318,23,939,4.18,754,4390,1456,452,0.269888346,0.494068388,1908,1463.333333,1.303872437,HIGH
117,MIN,2021,162,73,89,1311,5431,54,228,271,17,729,4.83,834,4258,1392,484,0.241392009,0.423494752,1876,1419.333333,1.321747299,MID
118,MIN,2022,162,78,84,1356,5476,38,178,269,18,696,3.98,684,4311,1320,468,0.247626004,0.400840029,1788,1437,1.244258873,LOW-MID
119,NYA,2015,162,87,75,1397,5567,63,212,272,19,764,4.03,698,4373,1416,474,0.250943057,0.420873002,1890,1457.666667,1.296592728,MID-HIGH
120,NYA,2016,162,84,78,1378,5458,72,183,245,20,680,4.16,702,4285,1358,444,0.252473433,0.405276658,1802,1428.333333,1.261610268,LOW-MID
121,NYA,2017,162,91,71,1463,5594,90,241,266,23,858,3.72,660,4346,1248,504,0.261530211,0.446549875,1752,1448.666667,1.209387943,HIGH
122,NYA,2018,162,100,62,1374,5515,63,267,269,23,851,3.78,669,4369,1311,494,0.249138713,0.45149592,1805,1456.333333,1.239414054,HIGH
123,NYA,2019,162,103,59,1493,5583,55,306,290,17,943,4.31,739,4329,1374,507,0.26741895,0.489879993,1881,1443,1.303534304,HIGH
124,NYA,2021,162,92,70,1266,5331,63,222,213,12,711,3.74,669,4306,1243,492,0.237478897,0.406865504,1735,1435.333333,1.208778449,MID
125,NYA,2022,162,99,63,1308,5422,102,254,225,8,807,3.3,567,4355,1177,444,0.241239395,0.426226485,1621,1451.666667,1.116647532,HIGH
126,NYN,2015,162,90,72,1351,5527,51,177,295,17,683,3.43,613,4388,1341,383,0.244436403,0.400036186,1724,1462.666667,1.178669098,LOW-MID
127,NYN,2016,162,87,75,1342,5459,42,218,240,19,671,3.57,617,4341,1397,439,0.24583257,0.416559809,1836,1447,1.268832066,LOW-MID
128,NYN,2017,162,70,92,1379,5510,58,224,286,28,735,5.01,863,4304,1538,593,0.250272232,0.43430127,2131,1434.666667,1.485362454,MID
129,NYN,2018,162,77,85,1282,5468,71,170,265,34,676,4.07,707,4382,1364,484,0.234455011,0.388624726,1848,1460.666667,1.265175719,LOW-MID
130,NYN,2019,162,86,76,1445,5624,56,242,280,17,791,4.24,737,4383,1405,500,0.256934566,0.44185633,1905,1461,1.303901437,HIGH
131,NYN,2021,162,77,85,1243,5210,54,176,228,18,636,3.9,668,4138,1221,475,0.238579655,0.39059501,1696,1379.333333,1.229579507,LOW
132,NYN,2022,162,101,61,1422,5489,62,171,272,27,772,3.57,606,4316,1274,428,0.259063582,0.411914739,1702,1438.666667,1.183039852,MID-HIGH
133,OAK,2015,162,68,94,1405,5600,78,146,277,46,694,4.14,729,4334,1402,474,0.250892857,0.395,1876,1444.666667,1.298569451,LOW-MID
134,OAK,2016,162,69,93,1352,5500,50,169,270,21,653,4.51,761,4300,1459,464,0.245818182,0.394727273,1923,1433.333333,1.341627907,LOW
135,OAK,2017,162,75,87,1344,5464,57,234,305,15,739,4.67,826,4293,1444,502,0.245973646,0.435761347,1946,1431,1.35988819,MID
136,OAK,2018,162,97,65,1407,5579,35,227,322,20,813,3.81,674,4397,1303,474,0.252195734,0.439146801,1777,1465.666667,1.212417557,HIGH
137,OAK,2019,162,97,65,1384,5561,49,257,292,23,845,3.97,680,4395,1342,477,0.248876101,0.448300665,1819,1465,1.241638225,HIGH
138,OAK,2021,162,86,76,1284,5395,88,199,271,19,743,4.02,687,4299,1362,439,0.237998146,0.405931418,1801,1433,1.256803908,MID-HIGH
139,OAK,2022,162,60,102,1147,5314,78,137,249,15,568,4.52,770,4279,1394,503,0.215844938,0.345690629,1897,1426.333333,1.329983641,LOW
140,PHI,2015,162,63,99,1374,5529,88,130,272,37,626,4.69,809,4309,1592,488,0.248507868,0.381624164,2080,1436.333333,1.448131817,LOW
141,PHI,2016,162,71,91,1305,5434,96,161,231,35,610,4.63,796,4311,1468,466,0.240154582,0.384431358,1934,1437,1.345859429,LOW
142,PHI,2017,162,66,96,1382,5535,59,174,287,36,690,4.55,782,4323,1471,527,0.24968383,0.408852755,1998,1441,1.386537127,LOW-MID
143,PHI,2018,162,80,82,1271,5424,69,186,241,30,677,4.14,728,4337,1366,500,0.234328909,0.392699115,1866,1445.666667,1.290753977,LOW-MID
144,PHI,2019,162,81,81,1369,5571,78,215,311,26,774,4.53,794,4361,1452,546,0.245736852,0.426673847,1998,1453.666667,1.3744554,MID-HIGH
145,PHI,2021,162,82,80,1288,5366,77,198,262,24,734,4.39,745,4256,1321,509,0.240029817,0.40849795,1830,1418.666667,1.289943609,MID
146,PHI,2022,162,87,75,1392,5496,105,205,255,29,747,3.97,685,4285,1330,463,0.253275109,0.422125182,1793,1428.333333,1.255309218,MID-HIGH
147,PIT,2015,162,98,64,1462,5631,98,140,292,27,697,3.21,596,4469,1392,453,0.259634168,0.395666844,1845,1489.666667,1.23853211,LOW-MID
148,PIT,2016,162,78,83,1426,5542,110,153,277,32,729,4.21,758,4352,1490,533,0.257307831,0.401660051,2023,1450.666667,1.39453125,MID
149,PIT,2017,162,75,87,1331,5458,67,151,249,36,668,4.22,731,4322,1464,511,0.243862221,0.385672407,1975,1440.666667,1.370893105,LOW
150,PIT,2018,161,82,79,1381,5447,70,157,290,38,692,4,693,4302,1380,497,0.253534055,0.407196622,1877,1434,1.308926081,LOW-MID
151,PIT,2019,162,69,93,1497,5657,64,163,315,38,758,5.18,911,4320,1511,584,0.264627895,0.420187378,2095,1440,1.454861111,MID-HIGH
152,PIT,2021,162,61,101,1261,5336,60,124,240,35,609,5.08,833,4189,1400,606,0.23631934,0.364130435,2006,1396.333333,1.436619718,LOW
153,PIT,2022,162,62,100,1186,5331,89,158,221,29,591,4.66,817,4263,1432,586,0.222472332,0.363721628,2018,1421,1.420126671,LOW
154,SDN,2015,162,74,88,1324,5457,82,148,260,36,650,4.09,731,4321,1371,516,0.242624152,0.384826828,1887,1440.333333,1.3101134,LOW
155,SDN,2016,162,68,94,1275,5419,125,177,257,26,686,4.43,770,4320,1425,569,0.235283263,0.390293412,1994,1440,1.384722222,LOW-MID
156,SDN,2017,162,71,91,1251,5356,89,189,227,31,604,4.67,816,4292,1417,554,0.233569828,0.39339059,1971,1430.666667,1.377679404,LOW
157,SDN,2018,162,66,96,1289,5486,95,162,250,30,617,4.4,767,4371,1430,519,0.234961721,0.38005833,1949,1457,1.337680165,LOW
158,SDN,2019,162,70,92,1281,5391,70,219,224,24,682,4.6,789,4296,1394,463,0.237618253,0.409942497,1857,1432,1.296787709,LOW-MID
159,SDN,2021,162,79,83,1305,5384,110,180,273,21,729,4.1,708,4290,1277,516,0.242384844,0.401188707,1793,1430,1.253846154,MID
160,SDN,2022,162,89,73,1317,5468,49,153,275,18,705,3.81,660,4330,1263,468,0.240855889,0.381675201,1731,1443.333333,1.199307159,LOW-MID
161,SEA,2015,162,76,86,1379,5544,69,198,262,22,656,4.16,726,4389,1430,491,0.248737374,0.411075036,1921,1463,1.313055366,LOW
162,SEA,2016,162,86,76,1446,5583,56,223,251,17,768,4,707,4371,1410,460,0.259000537,0.429876411,1870,1457,1.283459163,MID-HIGH
163,SEA,2017,162,78,84,1436,5551,89,200,281,17,750,4.46,772,4321,1399,490,0.258692128,0.423527292,1889,1440.333333,1.311501967,MID-HIGH
164,SEA,2018,162,89,73,1402,5513,79,176,256,32,677,4.13,711,4346,1396,400,0.254307999,0.408126247,1796,1448.666667,1.239760699,LOW-MID
165,SEA,2019,162,68,94,1305,5500,115,239,254,28,758,4.99,893,4318,1484,505,0.237272727,0.424,1989,1439.333333,1.381889764,MID-HIGH
166,SEA,2021,162,90,72,1209,5355,64,199,233,11,697,4.3,748,4321,1356,485,0.225770308,0.38487395,1841,1440.333333,1.278176348,LOW-MID
167,SEA,2022,162,90,72,1236,5375,83,197,229,19,690,3.59,623,4341,1277,447,0.229953488,0.389581395,1724,1447,1.191430546,LOW-MID
168,SFN,2015,162,84,78,1486,5565,93,136,288,39,696,3.72,627,4333,1344,431,0.267026056,0.406109614,1775,1444.333333,1.228940688,LOW-MID
169,SFN,2016,162,87,75,1437,5565,79,130,280,54,715,3.65,631,4381,1334,439,0.258221024,0.39802336,1773,1460.333333,1.214106368,MID
170,SFN,2017,162,64,98,1382,5551,76,128,290,28,639,4.5,776,4356,1515,496,0.248964151,0.380471987,2011,1452,1.384986226,LOW
171,SFN,2018,162,73,89,1324,5541,77,133,255,30,603,3.95,699,4384,1387,524,0.238946039,0.367803646,1911,1461.333333,1.307709854,LOW
172,SFN,2019,162,77,85,1332,5579,47,167,300,26,678,4.38,773,4407,1395,519,0.238752465,0.391647249,1914,1469,1.302927161,LOW-MID
173,SFN,2021,162,107,55,1360,5462,66,241,271,25,804,3.24,594,4365,1254,416,0.248993043,0.44013182,1670,1455,1.147766323,HIGH
174,SFN,2022,162,81,81,1261,5392,64,183,255,18,716,3.85,697,4299,1397,441,0.233864985,0.389651335,1838,1433,1.282623866,MID
175,SLN,2015,162,100,62,1386,5484,69,137,288,39,647,2.94,525,4394,1359,477,0.25273523,0.394420131,1836,1464.666667,1.253527538,LOW
176,SLN,2016,162,86,76,1415,5548,35,225,299,32,779,4.08,712,4345,1432,475,0.255046864,0.442141312,1907,1448.333333,1.316685846,MID-HIGH
177,SLN,2017,162,83,79,1402,5470,81,196,284,28,761,4.01,705,4351,1393,493,0.25630713,0.425959781,1886,1450.333333,1.300390715,MID-HIGH
178,SLN,2018,162,88,74,1369,5498,63,205,248,9,759,3.85,691,4366,1354,593,0.248999636,0.409239724,1947,1455.333333,1.337837838,MID-HIGH
179,SLN,2019,162,91,71,1336,5449,116,210,246,24,764,3.8,662,4332,1284,545,0.245182602,0.414755001,1829,1444,1.266620499,MID-HIGH
180,SLN,2021,162,90,72,1303,5351,89,198,261,22,706,3.98,672,4251,1234,608,0.243505887,0.411511867,1842,1417,1.299929428,MID
181,SLN,2022,162,93,69,1386,5496,95,197,290,21,772,3.79,637,4307,1335,489,0.252183406,0.420123726,1824,1435.666667,1.2704899,MID-HIGH
182,TBA,2015,162,80,82,1383,5485,87,167,278,32,644,3.74,642,4360,1314,477,0.252142206,0.405834093,1791,1453.333333,1.23233945,LOW
183,TBA,2016,162,68,94,1333,5481,60,216,288,32,672,4.2,713,4279,1395,491,0.243203795,0.425652253,1886,1426.333333,1.322271559,LOW-MID
184,TBA,2017,162,80,82,1340,5478,88,228,226,32,694,3.97,704,4335,1324,503,0.244614823,0.42241694,1827,1445,1.264359862,LOW-MID
185,TBA,2018,162,90,72,1415,5475,128,150,274,43,716,3.74,646,4345,1236,501,0.258447489,0.406392694,1737,1448.333333,1.199309551,MID
186,TBA,2019,162,96,66,1427,5628,94,217,291,29,769,3.65,656,4423,1274,453,0.25355366,0.431236674,1727,1474.333333,1.171376894,MID-HIGH
187,TBA,2021,162,100,62,1336,5507,88,222,288,36,857,3.67,651,4367,1264,436,0.242600327,0.428908662,1700,1455.666667,1.167849782,HIGH
188,TBA,2022,162,86,76,1294,5412,95,139,296,17,666,3.41,614,4307,1260,384,0.2390983,0.377124908,1644,1435.666667,1.145112607,LOW
189,TEX,2015,162,88,74,1419,5511,101,172,279,32,751,4.24,733,4328,1459,508,0.25748503,0.413355108,1967,1442.666667,1.36344732,MID-HIGH
190,TEX,2016,162,95,67,1446,5525,99,215,257,23,765,4.37,757,4329,1441,534,0.261719457,0.433303167,1975,1443,1.368676369,MID-HIGH
191,TEX,2017,162,78,84,1326,5430,113,237,255,21,799,4.66,816,4303,1443,559,0.244198895,0.429834254,2002,1434.333333,1.395770393,HIGH
192,TEX,2018,162,67,95,1308,5453,74,194,266,24,737,4.92,848,4293,1516,491,0.239867963,0.404181185,2007,1431,1.402515723,MID
193,TEX,2019,162,78,84,1374,5540,131,223,296,24,810,5.06,878,4314,1515,583,0.24801444,0.430866426,2098,1438,1.458970793,HIGH
194,TEX,2021,162,60,102,1254,5405,106,167,225,24,625,4.79,815,4273,1402,513,0.232007401,0.375208141,1915,1424.333333,1.34448865,LOW
195,TEX,2022,162,68,94,1308,5478,128,198,224,20,707,4.22,743,4305,1345,581,0.238773275,0.395399781,1926,1435,1.342160279,MID
196,TOR,2015,162,93,69,1480,5509,88,232,308,17,891,3.8,670,4323,1353,397,0.268651298,0.457070249,1750,1441,1.214434421,HIGH
197,TOR,2016,162,89,73,1358,5479,54,221,276,18,759,3.78,666,4378,1340,461,0.247855448,0.425807629,1801,1459.333333,1.234125171,MID-HIGH
198,TOR,2017,162,76,86,1320,5499,53,222,269,5,693,4.42,784,4395,1460,549,0.240043644,0.411893071,2009,1465,1.371331058,LOW-MID
199,TOR,2018,162,73,89,1336,5477,47,217,320,16,709,4.85,832,4301,1476,551,0.243929158,0.427058609,2027,1433.666667,1.413857243,MID
200,TOR,2019,162,67,95,1299,5493,51,247,270,21,726,4.79,828,4321,1450,604,0.236482796,0.428181322,2054,1440.333333,1.426058783,MID
201,TOR,2021,162,91,71,1455,5476,81,262,285,13,846,3.91,663,4216,1257,473,0.265704894,0.466033601,1730,1405.333333,1.231024668,HIGH
202,TOR,2022,162,92,70,1464,5555,67,200,307,12,775,3.87,679,4324,1356,424,0.263546355,0.431143114,1780,1441.333333,1.234967623,MID-HIGH
203,WAS,2015,162,83,79,1363,5428,57,177,265,13,703,3.62,635,4304,1366,364,0.25110538,0.402542373,1730,1434.666667,1.205855019,LOW-MID
204,WAS,2016,162,95,67,1403,5490,121,203,268,29,763,3.51,612,4379,1272,468,0.255555556,0.425865209,1740,1459.666667,1.19205298,MID-HIGH
205,WAS,2017,162,97,65,1477,5553,108,215,311,31,819,3.88,672,4340,1300,495,0.265982352,0.449306681,1795,1446.666667,1.24078341,HIGH
206,WAS,2018,162,82,80,1402,5517,119,191,284,25,771,4.04,682,4338,1320,487,0.254123618,0.41852456,1807,1446,1.249654219,MID-HIGH
207,WAS,2019,162,93,69,1460,5512,116,231,298,27,873,4.27,724,4318,1340,517,0.264876633,0.45446299,1857,1439.333333,1.290180639,HIGH
208,WAS,2021,162,65,97,1388,5385,56,182,272,20,724,4.8,820,4183,1364,548,0.257753018,0.417084494,1912,1394.333333,1.371264643,MID
209,WAS,2022,162,55,107,1351,5434,75,136,252,20,603,5,855,4235,1469,558,0.248619801,0.377438351,2027,1411.666667,1.435891381,LOW
